{"config": {"pkg": "./main_read_txt", "execdate": "14-01-2025_17:04:48", "command": "pascalanalyzer -t aut -c 1,2,4,8,16,32 -i 7,13,25,50,100,200,400,800 -o main_read_txt.json ./main_read_txt", "hostname": "service3.npad.internal", "kernel": "Linux-4.18.0-477.10.1.el8_8.x86_64-x86_64-with-glibc2.14", "disable_hyperthread": false, "auto_instrumentation": true, "idle_time": 0, "data_descriptor": {"values": ["start_time", "stop_time"], "extras": {"regions": {"values": ["start_time", "stop_time", "start_line", "stop_line", "thread_id", "filename"]}}, "keys": ["cores", "input", "repetitions"]}, "disable_cores": false, "discard_ompnt": true, "arguments": ["25", "7", "200", "50", "13", "400", "100", "800"]}, "data": {"32;0;1": {"start_time": 1736885088.7871096, "stop_time": 1736885089.027945}, "32;1;1": {"start_time": 1736885089.0286126, "stop_time": 1736885089.0318017}, "32;2;1": {"start_time": 1736885089.032353, "stop_time": 1736885089.035061}, "32;3;1": {"start_time": 1736885089.0356188, "stop_time": 1736885089.0384724}, "32;4;1": {"start_time": 1736885089.039034, "stop_time": 1736885089.041798}, "32;5;1": {"start_time": 1736885089.0423489, "stop_time": 1736885089.0451694}, "32;6;1": {"start_time": 1736885089.045753, "stop_time": 1736885089.0484269}, "32;7;1": {"start_time": 1736885089.048985, "stop_time": 1736885089.0517304}, "16;0;1": {"start_time": 1736885089.0522807, "stop_time": 1736885089.0549726}, "16;1;1": {"start_time": 1736885089.055521, "stop_time": 1736885089.0583355}, "16;2;1": {"start_time": 1736885089.0589345, "stop_time": 1736885089.0617175}, "16;3;1": {"start_time": 1736885089.0623014, "stop_time": 1736885089.0651422}, "16;4;1": {"start_time": 1736885089.0657427, "stop_time": 1736885089.0685704}, "16;5;1": {"start_time": 1736885089.0691388, "stop_time": 1736885089.0718443}, "16;6;1": {"start_time": 1736885089.0723941, "stop_time": 1736885089.0751085}, "16;7;1": {"start_time": 1736885089.0756657, "stop_time": 1736885089.0783691}, "8;0;1": {"start_time": 1736885089.0789497, "stop_time": 1736885089.0817268}, "8;1;1": {"start_time": 1736885089.0823147, "stop_time": 1736885089.085141}, "8;2;1": {"start_time": 1736885089.08575, "stop_time": 1736885089.0885608}, "8;3;1": {"start_time": 1736885089.0891519, "stop_time": 1736885089.0918574}, "8;4;1": {"start_time": 1736885089.092406, "stop_time": 1736885089.095107}, "8;5;1": {"start_time": 1736885089.0956814, "stop_time": 1736885089.0984783}, "8;6;1": {"start_time": 1736885089.0990705, "stop_time": 1736885089.1017106}, "8;7;1": {"start_time": 1736885089.102277, "stop_time": 1736885089.104891}, "4;0;1": {"start_time": 1736885089.1054385, "stop_time": 1736885089.1081433}, "4;1;1": {"start_time": 1736885089.1087294, "stop_time": 1736885089.111423}, "4;2;1": {"start_time": 1736885089.1120107, "stop_time": 1736885089.1147625}, "4;3;1": {"start_time": 1736885089.1153266, "stop_time": 1736885089.11797}, "4;4;1": {"start_time": 1736885089.1185188, "stop_time": 1736885089.121383}, "4;5;1": {"start_time": 1736885089.1219776, "stop_time": 1736885089.124901}, "4;6;1": {"start_time": 1736885089.1254897, "stop_time": 1736885089.1284645}, "4;7;1": {"start_time": 1736885089.1290996, "stop_time": 1736885089.1318552}, "2;0;1": {"start_time": 1736885089.1324058, "stop_time": 1736885089.1351693}, "2;1;1": {"start_time": 1736885089.1357481, "stop_time": 1736885089.1386023}, "2;2;1": {"start_time": 1736885089.1391711, "stop_time": 1736885089.1420074}, "2;3;1": {"start_time": 1736885089.1426542, "stop_time": 1736885089.1456373}, "2;4;1": {"start_time": 1736885089.1462479, "stop_time": 1736885089.1490817}, "2;5;1": {"start_time": 1736885089.1496527, "stop_time": 1736885089.1523955}, "2;6;1": {"start_time": 1736885089.152997, "stop_time": 1736885089.1558824}, "2;7;1": {"start_time": 1736885089.1564298, "stop_time": 1736885089.159206}, "1;0;1": {"start_time": 1736885089.159782, "stop_time": 1736885089.1625245}, "1;1;1": {"start_time": 1736885089.1631498, "stop_time": 1736885089.165979}, "1;2;1": {"start_time": 1736885089.166527, "stop_time": 1736885089.1786952}, "1;3;1": {"start_time": 1736885089.1792455, "stop_time": 1736885089.1820483}, "1;4;1": {"start_time": 1736885089.1826236, "stop_time": 1736885089.185418}, "1;5;1": {"start_time": 1736885089.1859803, "stop_time": 1736885089.1887367}, "1;6;1": {"start_time": 1736885089.1893098, "stop_time": 1736885089.192246}, "1;7;1": {"start_time": 1736885089.192839, "stop_time": 1736885089.1957977}}}